Datetime,Water Level (m)
2025-11-25 00:00:00,1.2127055
2025-11-25 01:00:00,0.9037792
2025-11-25 02:00:00,0.50705695
2025-11-25 03:00:00,0.08956737
2025-11-25 04:00:00,-0.31326708
2025-11-25 05:00:00,-0.6798924
2025-11-25 06:00:00,-0.9817425
2025-11-25 07:00:00,-0.983717
2025-11-25 08:00:00,-0.51284015
2025-11-25 09:00:00,0.029282115
2025-11-25 10:00:00,0.5151111
2025-11-25 11:00:00,0.85637075
2025-11-25 12:00:00,0.96343243
2025-11-25 13:00:00,0.7786103
2025-11-25 14:00:00,0.43260932
2025-11-25 15:00:00,0.055698156
2025-11-25 16:00:00,-0.31515
2025-11-25 17:00:00,-0.6568986
2025-11-25 18:00:00,-0.903878
2025-11-25 19:00:00,-0.7708099
2025-11-25 20:00:00,-0.23877762
2025-11-25 21:00:00,0.34917313
2025-11-25 22:00:00,0.87457937
2025-11-25 23:00:00,1.2711153
2025-11-26 00:00:00,1.4144405
2025-11-26 01:00:00,1.235807
2025-11-26 02:00:00,0.86797595
2025-11-26 03:00:00,0.44269636
2025-11-26 04:00:00,0.02116864
2025-11-26 05:00:00,-0.38460773
2025-11-26 06:00:00,-0.7377204
2025-11-26 07:00:00,-0.98733276
2025-11-26 08:00:00,-0.8545657
2025-11-26 09:00:00,-0.37515846
2025-11-26 10:00:00,0.13277434
2025-11-26 11:00:00,0.57097363
2025-11-26 12:00:00,0.8742065
2025-11-26 13:00:00,0.9421114
2025-11-26 14:00:00,0.74101067
2025-11-26 15:00:00,0.4017837
2025-11-26 16:00:00,0.034477945
2025-11-26 17:00:00,-0.32239395
2025-11-26 18:00:00,-0.6455814
2025-11-26 19:00:00,-0.8658266
2025-11-26 20:00:00,-0.69051546
2025-11-26 21:00:00,-0.18295419
2025-11-26 22:00:00,0.36882344
2025-11-26 23:00:00,0.8505259
2025-11-27 00:00:00,1.1909041
2025-11-27 01:00:00,1.2953533
2025-11-27 02:00:00,1.0879421
2025-11-27 03:00:00,0.72556794
2025-11-27 04:00:00,0.3133597
2025-11-27 05:00:00,-0.0831698
2025-11-27 06:00:00,-0.4694119
2025-11-27 07:00:00,-0.79975957
2025-11-27 08:00:00,-0.9995203
2025-11-27 09:00:00,-0.80729604
2025-11-27 10:00:00,-0.3435723
2025-11-27 11:00:00,0.15733558
2025-11-27 12:00:00,0.5991173
2025-11-27 13:00:00,0.9115765
2025-11-27 14:00:00,0.9938953
2025-11-27 15:00:00,0.8069928
2025-11-27 16:00:00,0.47552803
2025-11-27 17:00:00,0.10661032
2025-11-27 18:00:00,-0.24390194
2025-11-27 19:00:00,-0.5703556
2025-11-27 20:00:00,-0.7782529
2025-11-27 21:00:00,-0.63533795
2025-11-27 22:00:00,-0.17254211
2025-11-27 23:00:00,0.33950058
2025-11-28 00:00:00,0.79124796
2025-11-28 01:00:00,1.1161778
2025-11-28 02:00:00,1.222252
2025-11-28 03:00:00,1.0406706
2025-11-28 04:00:00,0.69998896
2025-11-28 05:00:00,0.304046
2025-11-28 06:00:00,-0.08079715
2025-11-28 07:00:00,-0.4597334
2025-11-28 08:00:00,-0.7890447
2025-11-28 09:00:00,-1.00007
2025-11-28 10:00:00,-0.8295687
2025-11-28 11:00:00,-0.3524243
2025-11-28 12:00:00,0.16473441
2025-11-28 13:00:00,0.62869686
2025-11-28 14:00:00,0.96333027
2025-11-28 15:00:00,1.0796249
2025-11-28 16:00:00,0.92599344
2025-11-28 17:00:00,0.60618407
2025-11-28 18:00:00,0.23285279
2025-11-28 19:00:00,-0.12631382
2025-11-28 20:00:00,-0.4639992
2025-11-28 21:00:00,-0.71204454
2025-11-28 22:00:00,-0.7038406
2025-11-28 23:00:00,-0.30537316
2025-11-29 00:00:00,0.19707055
2025-11-29 01:00:00,0.6570376
2025-11-29 02:00:00,1.0048606
2025-11-29 03:00:00,1.1522294
2025-11-29 04:00:00,1.0269302
2025-11-29 05:00:00,0.71066016
2025-11-29 06:00:00,0.32466835
2025-11-29 07:00:00,-0.059554506
2025-11-29 08:00:00,-0.44454688
2025-11-29 09:00:00,-0.78674734
2025-11-29 10:00:00,-1.0321001
2025-11-29 11:00:00,-0.90027934
2025-11-29 12:00:00,-0.39355415
2025-11-29 13:00:00,0.1664636
2025-11-29 14:00:00,0.67479193
2025-11-29 15:00:00,1.056282
2025-11-29 16:00:00,1.2199548
2025-11-29 17:00:00,1.0926069
2025-11-29 18:00:00,0.76976883
2025-11-29 19:00:00,0.37766653
2025-11-29 20:00:00,-0.0112645
2025-11-29 21:00:00,-0.3866815
2025-11-29 22:00:00,-0.6881976
2025-11-29 23:00:00,-0.8271485
2025-11-30 00:00:00,-0.51581055
2025-11-30 01:00:00,-0.0031982155
2025-11-30 02:00:00,0.49577576
2025-11-30 03:00:00,0.9011387
2025-11-30 04:00:00,1.1299208
2025-11-30 05:00:00,1.0817543
2025-11-30 06:00:00,0.7858357
2025-11-30 07:00:00,0.39368984
2025-11-30 08:00:00,-0.009733405
2025-11-30 09:00:00,-0.41415665
2025-11-30 10:00:00,-0.7793628
2025-11-30 11:00:00,-1.0693247
2025-11-30 12:00:00,-0.9574634
2025-11-30 13:00:00,-0.39279997
2025-11-30 14:00:00,0.21619679
2025-11-30 15:00:00,0.76866347
2025-11-30 16:00:00,1.1831206
2025-11-30 17:00:00,1.378106
2025-11-30 18:00:00,1.2479434
2025-11-30 19:00:00,0.90189207
2025-11-30 20:00:00,0.48479646
2025-11-30 21:00:00,0.057382993
2025-11-30 22:00:00,-0.35127836
2025-11-30 23:00:00,-0.706609
2025-12-01 00:00:00,-0.93492496
